PRAGMA foreign_keys = OFF;

-- Xóa data cũ (giữ users)
DELETE FROM scores;
DELETE FROM students;
DELETE FROM classes;
DELETE FROM sqlite_sequence WHERE name IN ('scores','students','classes');

-- ===================== CLASSES =====================
INSERT INTO classes (id, name, school_year) VALUES
(1, '22DHT01', '2022-2026'),
(2, '22DHT02', '2022-2026'),
(3, '22DHT03', '2022-2026'),
(4, '22DHT04', '2022-2026'),
(5, '22DHT05', '2022-2026');

-- ===================== STUDENTS =====================
-- Lớp 22DHT01 (class_id=1, id 1-20)
INSERT INTO students (id,name,className,email,phone,student_code,class_id) VALUES
(1,'Nguyễn Thị An','22DHT01','sv22dht01001@vaa.edu.vn','0903100001','22DHT01001',1),
(2,'Trần Văn Bảo','22DHT01','sv22dht01002@vaa.edu.vn','0912100002','22DHT01002',1),
(3,'Lê Thị Chi','22DHT01','sv22dht01003@vaa.edu.vn','0988100003','22DHT01003',1),
(4,'Phạm Văn Dũng','22DHT01','sv22dht01004@vaa.edu.vn','0977100004','22DHT01004',1),
(5,'Hoàng Thị Giang','22DHT01','sv22dht01005@vaa.edu.vn','0908100005','22DHT01005',1),
(6,'Phan Văn Hải','22DHT01','sv22dht01006@vaa.edu.vn','0936100006','22DHT01006',1),
(7,'Vũ Thị Khoa','22DHT01','sv22dht01007@vaa.edu.vn','0961100007','22DHT01007',1),
(8,'Đặng Văn Long','22DHT01','sv22dht01008@vaa.edu.vn','0972100008','22DHT01008',1),
(9,'Bùi Thị Linh','22DHT01','sv22dht01009@vaa.edu.vn','0984100009','22DHT01009',1),
(10,'Đỗ Văn Minh','22DHT01','sv22dht01010@vaa.edu.vn','0945100010','22DHT01010',1),
(11,'Hồ Thị Nga','22DHT01','sv22dht01011@vaa.edu.vn','0903100011','22DHT01011',1),
(12,'Ngô Văn Nam','22DHT01','sv22dht01012@vaa.edu.vn','0912100012','22DHT01012',1),
(13,'Dương Thị Phương','22DHT01','sv22dht01013@vaa.edu.vn','0988100013','22DHT01013',1),
(14,'Lý Văn Quân','22DHT01','sv22dht01014@vaa.edu.vn','0977100014','22DHT01014',1),
(15,'Đinh Thị Quỳnh','22DHT01','sv22dht01015@vaa.edu.vn','0908100015','22DHT01015',1),
(16,'Tô Văn Sơn','22DHT01','sv22dht01016@vaa.edu.vn','0936100016','22DHT01016',1),
(17,'Mai Thị Thảo','22DHT01','sv22dht01017@vaa.edu.vn','0961100017','22DHT01017',1),
(18,'Cao Văn Tiến','22DHT01','sv22dht01018@vaa.edu.vn','0972100018','22DHT01018',1),
(19,'Lưu Thị Trang','22DHT01','sv22dht01019@vaa.edu.vn','0984100019','22DHT01019',1),
(20,'Trịnh Văn Tuấn','22DHT01','sv22dht01020@vaa.edu.vn','0945100020','22DHT01020',1);

-- Lớp 22DHT02 (class_id=2, id 21-40)
INSERT INTO students (id,name,className,email,phone,student_code,class_id) VALUES
(21,'Nguyễn Văn An','22DHT02','sv22dht02001@vaa.edu.vn','0903200001','22DHT02001',2),
(22,'Trần Thị Bảo','22DHT02','sv22dht02002@vaa.edu.vn','0912200002','22DHT02002',2),
(23,'Lê Văn Chi','22DHT02','sv22dht02003@vaa.edu.vn','0988200003','22DHT02003',2),
(24,'Phạm Thị Diệu','22DHT02','sv22dht02004@vaa.edu.vn','0977200004','22DHT02004',2),
(25,'Hoàng Văn Dũng','22DHT02','sv22dht02005@vaa.edu.vn','0908200005','22DHT02005',2),
(26,'Phan Thị Hà','22DHT02','sv22dht02006@vaa.edu.vn','0936200006','22DHT02006',2),
(27,'Vũ Văn Hải','22DHT02','sv22dht02007@vaa.edu.vn','0961200007','22DHT02007',2),
(28,'Đặng Thị Hương','22DHT02','sv22dht02008@vaa.edu.vn','0972200008','22DHT02008',2),
(29,'Bùi Văn Khoa','22DHT02','sv22dht02009@vaa.edu.vn','0984200009','22DHT02009',2),
(30,'Đỗ Thị Lan','22DHT02','sv22dht02010@vaa.edu.vn','0945200010','22DHT02010',2),
(31,'Hồ Văn Lâm','22DHT02','sv22dht02011@vaa.edu.vn','0903200011','22DHT02011',2),
(32,'Ngô Thị Lam','22DHT02','sv22dht02012@vaa.edu.vn','0912200012','22DHT02012',2),
(33,'Dương Văn Long','22DHT02','sv22dht02013@vaa.edu.vn','0988200013','22DHT02013',2),
(34,'Lý Thị Mai','22DHT02','sv22dht02014@vaa.edu.vn','0977200014','22DHT02014',2),
(35,'Đinh Văn Mạnh','22DHT02','sv22dht02015@vaa.edu.vn','0908200015','22DHT02015',2),
(36,'Tô Thị Nhi','22DHT02','sv22dht02016@vaa.edu.vn','0936200016','22DHT02016',2),
(37,'Mai Văn Phong','22DHT02','sv22dht02017@vaa.edu.vn','0961200017','22DHT02017',2),
(38,'Cao Thị Quỳnh','22DHT02','sv22dht02018@vaa.edu.vn','0972200018','22DHT02018',2),
(39,'Lưu Văn Sơn','22DHT02','sv22dht02019@vaa.edu.vn','0984200019','22DHT02019',2),
(40,'Trịnh Thị Thu','22DHT02','sv22dht02020@vaa.edu.vn','0945200020','22DHT02020',2);

-- Lớp 22DHT03 (class_id=3, id 41-60)
INSERT INTO students (id,name,className,email,phone,student_code,class_id) VALUES
(41,'Nguyễn Thị Thảo','22DHT03','sv22dht03001@vaa.edu.vn','0903300001','22DHT03001',3),
(42,'Trần Văn Tiến','22DHT03','sv22dht03002@vaa.edu.vn','0912300002','22DHT03002',3),
(43,'Lê Thị Trang','22DHT03','sv22dht03003@vaa.edu.vn','0988300003','22DHT03003',3),
(44,'Phạm Văn Toàn','22DHT03','sv22dht03004@vaa.edu.vn','0977300004','22DHT03004',3),
(45,'Hoàng Thị Tú','22DHT03','sv22dht03005@vaa.edu.vn','0908300005','22DHT03005',3),
(46,'Phan Văn Tùng','22DHT03','sv22dht03006@vaa.edu.vn','0936300006','22DHT03006',3),
(47,'Vũ Thị Uyên','22DHT03','sv22dht03007@vaa.edu.vn','0961300007','22DHT03007',3),
(48,'Đặng Văn Việt','22DHT03','sv22dht03008@vaa.edu.vn','0972300008','22DHT03008',3),
(49,'Bùi Thị Vân','22DHT03','sv22dht03009@vaa.edu.vn','0984300009','22DHT03009',3),
(50,'Đỗ Văn Xuân','22DHT03','sv22dht03010@vaa.edu.vn','0945300010','22DHT03010',3),
(51,'Hồ Thị Yến','22DHT03','sv22dht03011@vaa.edu.vn','0903300011','22DHT03011',3),
(52,'Ngô Văn An','22DHT03','sv22dht03012@vaa.edu.vn','0912300012','22DHT03012',3),
(53,'Dương Thị Chi','22DHT03','sv22dht03013@vaa.edu.vn','0988300013','22DHT03013',3),
(54,'Lý Văn Dũng','22DHT03','sv22dht03014@vaa.edu.vn','0977300014','22DHT03014',3),
(55,'Đinh Thị Giang','22DHT03','sv22dht03015@vaa.edu.vn','0908300015','22DHT03015',3),
(56,'Tô Văn Hải','22DHT03','sv22dht03016@vaa.edu.vn','0936300016','22DHT03016',3),
(57,'Mai Thị Hương','22DHT03','sv22dht03017@vaa.edu.vn','0961300017','22DHT03017',3),
(58,'Cao Văn Khải','22DHT03','sv22dht03018@vaa.edu.vn','0972300018','22DHT03018',3),
(59,'Lưu Thị Lan','22DHT03','sv22dht03019@vaa.edu.vn','0984300019','22DHT03019',3),
(60,'Trịnh Văn Lâm','22DHT03','sv22dht03020@vaa.edu.vn','0945300020','22DHT03020',3);

-- Lớp 22DHT04 (class_id=4, id 61-80)
INSERT INTO students (id,name,className,email,phone,student_code,class_id) VALUES
(61,'Nguyễn Văn Linh','22DHT04','sv22dht04001@vaa.edu.vn','0903400001','22DHT04001',4),
(62,'Trần Thị Minh','22DHT04','sv22dht04002@vaa.edu.vn','0912400002','22DHT04002',4),
(63,'Lê Văn Nam','22DHT04','sv22dht04003@vaa.edu.vn','0988400003','22DHT04003',4),
(64,'Phạm Thị Nga','22DHT04','sv22dht04004@vaa.edu.vn','0977400004','22DHT04004',4),
(65,'Hoàng Văn Nhung','22DHT04','sv22dht04005@vaa.edu.vn','0908400005','22DHT04005',4),
(66,'Phan Thị Phương','22DHT04','sv22dht04006@vaa.edu.vn','0936400006','22DHT04006',4),
(67,'Vũ Văn Quân','22DHT04','sv22dht04007@vaa.edu.vn','0961400007','22DHT04007',4),
(68,'Đặng Thị Quỳnh','22DHT04','sv22dht04008@vaa.edu.vn','0972400008','22DHT04008',4),
(69,'Bùi Văn Sơn','22DHT04','sv22dht04009@vaa.edu.vn','0984400009','22DHT04009',4),
(70,'Đỗ Thị Thảo','22DHT04','sv22dht04010@vaa.edu.vn','0945400010','22DHT04010',4),
(71,'Hồ Văn Thắng','22DHT04','sv22dht04011@vaa.edu.vn','0903400011','22DHT04011',4),
(72,'Ngô Thị Tiên','22DHT04','sv22dht04012@vaa.edu.vn','0912400012','22DHT04012',4),
(73,'Dương Văn Tiến','22DHT04','sv22dht04013@vaa.edu.vn','0988400013','22DHT04013',4),
(74,'Lý Thị Trang','22DHT04','sv22dht04014@vaa.edu.vn','0977400014','22DHT04014',4),
(75,'Đinh Văn Trung','22DHT04','sv22dht04015@vaa.edu.vn','0908400015','22DHT04015',4),
(76,'Tô Thị Tú','22DHT04','sv22dht04016@vaa.edu.vn','0936400016','22DHT04016',4),
(77,'Mai Văn Tùng','22DHT04','sv22dht04017@vaa.edu.vn','0961400017','22DHT04017',4),
(78,'Cao Thị Uyên','22DHT04','sv22dht04018@vaa.edu.vn','0972400018','22DHT04018',4),
(79,'Lưu Văn Việt','22DHT04','sv22dht04019@vaa.edu.vn','0984400019','22DHT04019',4),
(80,'Trịnh Thị Vân','22DHT04','sv22dht04020@vaa.edu.vn','0945400020','22DHT04020',4);

-- Lớp 22DHT05 (class_id=5, id 81-100)
INSERT INTO students (id,name,className,email,phone,student_code,class_id) VALUES
(81,'Nguyễn Thị Xuân','22DHT05','sv22dht05001@vaa.edu.vn','0903500001','22DHT05001',5),
(82,'Trần Văn Yến','22DHT05','sv22dht05002@vaa.edu.vn','0912500002','22DHT05002',5),
(83,'Lê Thị An','22DHT05','sv22dht05003@vaa.edu.vn','0988500003','22DHT05003',5),
(84,'Phạm Văn Bảo','22DHT05','sv22dht05004@vaa.edu.vn','0977500004','22DHT05004',5),
(85,'Hoàng Thị Diệu','22DHT05','sv22dht05005@vaa.edu.vn','0908500005','22DHT05005',5),
(86,'Phan Văn Đức','22DHT05','sv22dht05006@vaa.edu.vn','0936500006','22DHT05006',5),
(87,'Vũ Thị Giang','22DHT05','sv22dht05007@vaa.edu.vn','0961500007','22DHT05007',5),
(88,'Đặng Văn Hùng','22DHT05','sv22dht05008@vaa.edu.vn','0972500008','22DHT05008',5),
(89,'Bùi Thị Hương','22DHT05','sv22dht05009@vaa.edu.vn','0984500009','22DHT05009',5),
(90,'Đỗ Văn Khải','22DHT05','sv22dht05010@vaa.edu.vn','0945500010','22DHT05010',5),
(91,'Hồ Thị Kim','22DHT05','sv22dht05011@vaa.edu.vn','0903500011','22DHT05011',5),
(92,'Ngô Văn Lâm','22DHT05','sv22dht05012@vaa.edu.vn','0912500012','22DHT05012',5),
(93,'Dương Thị Lam','22DHT05','sv22dht05013@vaa.edu.vn','0988500013','22DHT05013',5),
(94,'Lý Văn Long','22DHT05','sv22dht05014@vaa.edu.vn','0977500014','22DHT05014',5),
(95,'Đinh Thị Mai','22DHT05','sv22dht05015@vaa.edu.vn','0908500015','22DHT05015',5),
(96,'Tô Văn Mạnh','22DHT05','sv22dht05016@vaa.edu.vn','0936500016','22DHT05016',5),
(97,'Mai Thị Nhung','22DHT05','sv22dht05017@vaa.edu.vn','0961500017','22DHT05017',5),
(98,'Cao Văn Phong','22DHT05','sv22dht05018@vaa.edu.vn','0972500018','22DHT05018',5),
(99,'Lưu Thị Thảo','22DHT05','sv22dht05019@vaa.edu.vn','0984500019','22DHT05019',5),
(100,'Trịnh Văn Toàn','22DHT05','sv22dht05020@vaa.edu.vn','0945500020','22DHT05020',5);

-- ===================== SCORES =====================
-- student 1-20 (22DHT01)
INSERT INTO scores (student_id,subject,score,semester) VALUES
(1,'Toán',7.5,'HK1_2024'),(1,'Lý',6.0,'HK1_2024'),(1,'Hóa',8.0,'HK1_2024'),(1,'Anh',5.5,'HK1_2024'),(1,'CNTT',9.0,'HK1_2024'),
(2,'Toán',8.5,'HK1_2024'),(2,'Lý',7.0,'HK1_2024'),(2,'Hóa',6.5,'HK1_2024'),(2,'Anh',8.0,'HK1_2024'),(2,'CNTT',7.5,'HK1_2024'),
(3,'Toán',5.0,'HK1_2024'),(3,'Lý',6.5,'HK1_2024'),(3,'Hóa',7.0,'HK1_2024'),(3,'Anh',9.0,'HK1_2024'),(3,'CNTT',8.5,'HK1_2024'),
(4,'Toán',6.0,'HK1_2024'),(4,'Lý',8.5,'HK1_2024'),(4,'Hóa',5.5,'HK1_2024'),(4,'Anh',7.0,'HK1_2024'),(4,'CNTT',6.5,'HK1_2024'),
(5,'Toán',9.0,'HK1_2024'),(5,'Lý',5.0,'HK1_2024'),(5,'Hóa',8.5,'HK1_2024'),(5,'Anh',6.5,'HK1_2024'),(5,'CNTT',7.0,'HK1_2024'),
(6,'Toán',7.0,'HK1_2024'),(6,'Lý',9.0,'HK1_2024'),(6,'Hóa',6.0,'HK1_2024'),(6,'Anh',8.5,'HK1_2024'),(6,'CNTT',5.0,'HK1_2024'),
(7,'Toán',4.5,'HK1_2024'),(7,'Lý',7.5,'HK1_2024'),(7,'Hóa',9.0,'HK1_2024'),(7,'Anh',6.0,'HK1_2024'),(7,'CNTT',8.0,'HK1_2024'),
(8,'Toán',8.0,'HK1_2024'),(8,'Lý',6.0,'HK1_2024'),(8,'Hóa',7.5,'HK1_2024'),(8,'Anh',4.5,'HK1_2024'),(8,'CNTT',9.5,'HK1_2024'),
(9,'Toán',6.5,'HK1_2024'),(9,'Lý',8.0,'HK1_2024'),(9,'Hóa',4.5,'HK1_2024'),(9,'Anh',7.5,'HK1_2024'),(9,'CNTT',6.0,'HK1_2024'),
(10,'Toán',9.5,'HK1_2024'),(10,'Lý',4.5,'HK1_2024'),(10,'Hóa',8.0,'HK1_2024'),(10,'Anh',6.5,'HK1_2024'),(10,'CNTT',7.0,'HK1_2024'),
(11,'Toán',5.5,'HK1_2024'),(11,'Lý',7.0,'HK1_2024'),(11,'Hóa',6.5,'HK1_2024'),(11,'Anh',9.5,'HK1_2024'),(11,'CNTT',4.5,'HK1_2024'),
(12,'Toán',7.5,'HK1_2024'),(12,'Lý',5.5,'HK1_2024'),(12,'Hóa',9.5,'HK1_2024'),(12,'Anh',7.0,'HK1_2024'),(12,'CNTT',6.0,'HK1_2024'),
(13,'Toán',6.0,'HK1_2024'),(13,'Lý',9.5,'HK1_2024'),(13,'Hóa',5.5,'HK1_2024'),(13,'Anh',8.0,'HK1_2024'),(13,'CNTT',7.5,'HK1_2024'),
(14,'Toán',8.5,'HK1_2024'),(14,'Lý',6.0,'HK1_2024'),(14,'Hóa',7.0,'HK1_2024'),(14,'Anh',5.5,'HK1_2024'),(14,'CNTT',9.0,'HK1_2024'),
(15,'Toán',4.0,'HK1_2024'),(15,'Lý',8.5,'HK1_2024'),(15,'Hóa',6.0,'HK1_2024'),(15,'Anh',7.0,'HK1_2024'),(15,'CNTT',5.5,'HK1_2024'),
(16,'Toán',7.0,'HK1_2024'),(16,'Lý',4.0,'HK1_2024'),(16,'Hóa',8.5,'HK1_2024'),(16,'Anh',9.0,'HK1_2024'),(16,'CNTT',6.5,'HK1_2024'),
(17,'Toán',9.0,'HK1_2024'),(17,'Lý',7.0,'HK1_2024'),(17,'Hóa',4.0,'HK1_2024'),(17,'Anh',6.5,'HK1_2024'),(17,'CNTT',8.0,'HK1_2024'),
(18,'Toán',5.5,'HK1_2024'),(18,'Lý',9.0,'HK1_2024'),(18,'Hóa',7.0,'HK1_2024'),(18,'Anh',4.0,'HK1_2024'),(18,'CNTT',7.5,'HK1_2024'),
(19,'Toán',8.0,'HK1_2024'),(19,'Lý',5.5,'HK1_2024'),(19,'Hóa',9.0,'HK1_2024'),(19,'Anh',7.5,'HK1_2024'),(19,'CNTT',4.0,'HK1_2024'),
(20,'Toán',6.5,'HK1_2024'),(20,'Lý',8.0,'HK1_2024'),(20,'Hóa',5.5,'HK1_2024'),(20,'Anh',4.0,'HK1_2024'),(20,'CNTT',9.5,'HK1_2024');

-- student 21-40 (22DHT02)
INSERT INTO scores (student_id,subject,score,semester) VALUES
(21,'Toán',8.0,'HK1_2024'),(21,'Lý',5.5,'HK1_2024'),(21,'Hóa',7.0,'HK1_2024'),(21,'Anh',9.5,'HK1_2024'),(21,'CNTT',6.0,'HK1_2024'),
(22,'Toán',6.5,'HK1_2024'),(22,'Lý',9.0,'HK1_2024'),(22,'Hóa',5.0,'HK1_2024'),(22,'Anh',7.5,'HK1_2024'),(22,'CNTT',8.5,'HK1_2024'),
(23,'Toán',9.5,'HK1_2024'),(23,'Lý',6.5,'HK1_2024'),(23,'Hóa',8.0,'HK1_2024'),(23,'Anh',5.0,'HK1_2024'),(23,'CNTT',7.0,'HK1_2024'),
(24,'Toán',5.0,'HK1_2024'),(24,'Lý',8.0,'HK1_2024'),(24,'Hóa',6.5,'HK1_2024'),(24,'Anh',8.5,'HK1_2024'),(24,'CNTT',4.5,'HK1_2024'),
(25,'Toán',7.0,'HK1_2024'),(25,'Lý',4.5,'HK1_2024'),(25,'Hóa',9.5,'HK1_2024'),(25,'Anh',6.0,'HK1_2024'),(25,'CNTT',8.0,'HK1_2024'),
(26,'Toán',8.5,'HK1_2024'),(26,'Lý',7.0,'HK1_2024'),(26,'Hóa',4.5,'HK1_2024'),(26,'Anh',8.0,'HK1_2024'),(26,'CNTT',6.5,'HK1_2024'),
(27,'Toán',4.5,'HK1_2024'),(27,'Lý',8.5,'HK1_2024'),(27,'Hóa',7.0,'HK1_2024'),(27,'Anh',4.5,'HK1_2024'),(27,'CNTT',9.0,'HK1_2024'),
(28,'Toán',7.5,'HK1_2024'),(28,'Lý',5.0,'HK1_2024'),(28,'Hóa',8.5,'HK1_2024'),(28,'Anh',7.0,'HK1_2024'),(28,'CNTT',5.5,'HK1_2024'),
(29,'Toán',5.5,'HK1_2024'),(29,'Lý',7.5,'HK1_2024'),(29,'Hóa',5.0,'HK1_2024'),(29,'Anh',8.5,'HK1_2024'),(29,'CNTT',7.0,'HK1_2024'),
(30,'Toán',9.0,'HK1_2024'),(30,'Lý',5.5,'HK1_2024'),(30,'Hóa',7.5,'HK1_2024'),(30,'Anh',5.0,'HK1_2024'),(30,'CNTT',8.5,'HK1_2024'),
(31,'Toán',6.0,'HK1_2024'),(31,'Lý',9.0,'HK1_2024'),(31,'Hóa',5.5,'HK1_2024'),(31,'Anh',7.5,'HK1_2024'),(31,'CNTT',5.0,'HK1_2024'),
(32,'Toán',7.0,'HK1_2024'),(32,'Lý',6.0,'HK1_2024'),(32,'Hóa',9.0,'HK1_2024'),(32,'Anh',5.5,'HK1_2024'),(32,'CNTT',7.5,'HK1_2024'),
(33,'Toán',4.0,'HK1_2024'),(33,'Lý',7.0,'HK1_2024'),(33,'Hóa',6.0,'HK1_2024'),(33,'Anh',9.0,'HK1_2024'),(33,'CNTT',5.5,'HK1_2024'),
(34,'Toán',8.5,'HK1_2024'),(34,'Lý',4.0,'HK1_2024'),(34,'Hóa',7.0,'HK1_2024'),(34,'Anh',6.0,'HK1_2024'),(34,'CNTT',9.0,'HK1_2024'),
(35,'Toán',6.5,'HK1_2024'),(35,'Lý',8.5,'HK1_2024'),(35,'Hóa',4.0,'HK1_2024'),(35,'Anh',7.0,'HK1_2024'),(35,'CNTT',6.0,'HK1_2024'),
(36,'Toán',9.0,'HK1_2024'),(36,'Lý',6.5,'HK1_2024'),(36,'Hóa',8.5,'HK1_2024'),(36,'Anh',4.0,'HK1_2024'),(36,'CNTT',7.0,'HK1_2024'),
(37,'Toán',5.0,'HK1_2024'),(37,'Lý',9.0,'HK1_2024'),(37,'Hóa',6.5,'HK1_2024'),(37,'Anh',8.5,'HK1_2024'),(37,'CNTT',4.0,'HK1_2024'),
(38,'Toán',7.5,'HK1_2024'),(38,'Lý',5.0,'HK1_2024'),(38,'Hóa',9.0,'HK1_2024'),(38,'Anh',6.5,'HK1_2024'),(38,'CNTT',8.5,'HK1_2024'),
(39,'Toán',6.0,'HK1_2024'),(39,'Lý',7.5,'HK1_2024'),(39,'Hóa',5.0,'HK1_2024'),(39,'Anh',9.0,'HK1_2024'),(39,'CNTT',6.5,'HK1_2024'),
(40,'Toán',8.0,'HK1_2024'),(40,'Lý',6.0,'HK1_2024'),(40,'Hóa',7.5,'HK1_2024'),(40,'Anh',5.0,'HK1_2024'),(40,'CNTT',9.0,'HK1_2024');

-- student 41-60 (22DHT03)
INSERT INTO scores (student_id,subject,score,semester) VALUES
(41,'Toán',7.0,'HK1_2024'),(41,'Lý',8.0,'HK1_2024'),(41,'Hóa',5.5,'HK1_2024'),(41,'Anh',9.0,'HK1_2024'),(41,'CNTT',6.5,'HK1_2024'),
(42,'Toán',5.5,'HK1_2024'),(42,'Lý',6.5,'HK1_2024'),(42,'Hóa',9.0,'HK1_2024'),(42,'Anh',7.0,'HK1_2024'),(42,'CNTT',4.5,'HK1_2024'),
(43,'Toán',9.0,'HK1_2024'),(43,'Lý',4.5,'HK1_2024'),(43,'Hóa',7.5,'HK1_2024'),(43,'Anh',6.0,'HK1_2024'),(43,'CNTT',8.0,'HK1_2024'),
(44,'Toán',4.5,'HK1_2024'),(44,'Lý',9.0,'HK1_2024'),(44,'Hóa',6.0,'HK1_2024'),(44,'Anh',8.5,'HK1_2024'),(44,'CNTT',5.5,'HK1_2024'),
(45,'Toán',8.0,'HK1_2024'),(45,'Lý',5.5,'HK1_2024'),(45,'Hóa',8.5,'HK1_2024'),(45,'Anh',4.5,'HK1_2024'),(45,'CNTT',7.5,'HK1_2024'),
(46,'Toán',6.5,'HK1_2024'),(46,'Lý',8.0,'HK1_2024'),(46,'Hóa',4.5,'HK1_2024'),(46,'Anh',7.5,'HK1_2024'),(46,'CNTT',9.0,'HK1_2024'),
(47,'Toán',9.5,'HK1_2024'),(47,'Lý',6.5,'HK1_2024'),(47,'Hóa',8.0,'HK1_2024'),(47,'Anh',5.5,'HK1_2024'),(47,'CNTT',7.0,'HK1_2024'),
(48,'Toán',5.0,'HK1_2024'),(48,'Lý',9.5,'HK1_2024'),(48,'Hóa',6.5,'HK1_2024'),(48,'Anh',8.0,'HK1_2024'),(48,'CNTT',5.5,'HK1_2024'),
(49,'Toán',7.5,'HK1_2024'),(49,'Lý',5.0,'HK1_2024'),(49,'Hóa',9.5,'HK1_2024'),(49,'Anh',6.5,'HK1_2024'),(49,'CNTT',8.0,'HK1_2024'),
(50,'Toán',6.0,'HK1_2024'),(50,'Lý',7.5,'HK1_2024'),(50,'Hóa',5.0,'HK1_2024'),(50,'Anh',9.5,'HK1_2024'),(50,'CNTT',6.5,'HK1_2024'),
(51,'Toán',8.5,'HK1_2024'),(51,'Lý',6.0,'HK1_2024'),(51,'Hóa',7.5,'HK1_2024'),(51,'Anh',5.0,'HK1_2024'),(51,'CNTT',9.5,'HK1_2024'),
(52,'Toán',4.0,'HK1_2024'),(52,'Lý',8.5,'HK1_2024'),(52,'Hóa',6.0,'HK1_2024'),(52,'Anh',7.5,'HK1_2024'),(52,'CNTT',5.0,'HK1_2024'),
(53,'Toán',7.0,'HK1_2024'),(53,'Lý',4.0,'HK1_2024'),(53,'Hóa',8.5,'HK1_2024'),(53,'Anh',6.0,'HK1_2024'),(53,'CNTT',7.5,'HK1_2024'),
(54,'Toán',5.5,'HK1_2024'),(54,'Lý',7.0,'HK1_2024'),(54,'Hóa',4.0,'HK1_2024'),(54,'Anh',8.5,'HK1_2024'),(54,'CNTT',6.0,'HK1_2024'),
(55,'Toán',9.0,'HK1_2024'),(55,'Lý',5.5,'HK1_2024'),(55,'Hóa',7.0,'HK1_2024'),(55,'Anh',4.0,'HK1_2024'),(55,'CNTT',8.5,'HK1_2024'),
(56,'Toán',6.5,'HK1_2024'),(56,'Lý',9.0,'HK1_2024'),(56,'Hóa',5.5,'HK1_2024'),(56,'Anh',7.0,'HK1_2024'),(56,'CNTT',4.0,'HK1_2024'),
(57,'Toán',8.0,'HK1_2024'),(57,'Lý',6.5,'HK1_2024'),(57,'Hóa',9.0,'HK1_2024'),(57,'Anh',5.5,'HK1_2024'),(57,'CNTT',7.0,'HK1_2024'),
(58,'Toán',4.5,'HK1_2024'),(58,'Lý',8.0,'HK1_2024'),(58,'Hóa',6.5,'HK1_2024'),(58,'Anh',9.0,'HK1_2024'),(58,'CNTT',5.5,'HK1_2024'),
(59,'Toán',7.5,'HK1_2024'),(59,'Lý',4.5,'HK1_2024'),(59,'Hóa',8.0,'HK1_2024'),(59,'Anh',6.5,'HK1_2024'),(59,'CNTT',9.0,'HK1_2024'),
(60,'Toán',6.0,'HK1_2024'),(60,'Lý',7.5,'HK1_2024'),(60,'Hóa',4.5,'HK1_2024'),(60,'Anh',8.0,'HK1_2024'),(60,'CNTT',6.5,'HK1_2024');

-- student 61-80 (22DHT04)
INSERT INTO scores (student_id,subject,score,semester) VALUES
(61,'Toán',8.5,'HK1_2024'),(61,'Lý',6.0,'HK1_2024'),(61,'Hóa',7.5,'HK1_2024'),(61,'Anh',4.5,'HK1_2024'),(61,'CNTT',9.0,'HK1_2024'),
(62,'Toán',5.0,'HK1_2024'),(62,'Lý',8.5,'HK1_2024'),(62,'Hóa',6.0,'HK1_2024'),(62,'Anh',7.5,'HK1_2024'),(62,'CNTT',4.5,'HK1_2024'),
(63,'Toán',7.5,'HK1_2024'),(63,'Lý',5.0,'HK1_2024'),(63,'Hóa',8.5,'HK1_2024'),(63,'Anh',6.0,'HK1_2024'),(63,'CNTT',7.5,'HK1_2024'),
(64,'Toán',6.0,'HK1_2024'),(64,'Lý',7.5,'HK1_2024'),(64,'Hóa',5.0,'HK1_2024'),(64,'Anh',8.5,'HK1_2024'),(64,'CNTT',6.0,'HK1_2024'),
(65,'Toán',9.0,'HK1_2024'),(65,'Lý',6.0,'HK1_2024'),(65,'Hóa',7.5,'HK1_2024'),(65,'Anh',5.0,'HK1_2024'),(65,'CNTT',8.5,'HK1_2024'),
(66,'Toán',4.5,'HK1_2024'),(66,'Lý',9.0,'HK1_2024'),(66,'Hóa',6.0,'HK1_2024'),(66,'Anh',7.5,'HK1_2024'),(66,'CNTT',5.0,'HK1_2024'),
(67,'Toán',7.5,'HK1_2024'),(67,'Lý',4.5,'HK1_2024'),(67,'Hóa',9.0,'HK1_2024'),(67,'Anh',6.0,'HK1_2024'),(67,'CNTT',7.5,'HK1_2024'),
(68,'Toán',5.5,'HK1_2024'),(68,'Lý',7.5,'HK1_2024'),(68,'Hóa',4.5,'HK1_2024'),(68,'Anh',9.0,'HK1_2024'),(68,'CNTT',6.0,'HK1_2024'),
(69,'Toán',8.0,'HK1_2024'),(69,'Lý',5.5,'HK1_2024'),(69,'Hóa',7.5,'HK1_2024'),(69,'Anh',4.5,'HK1_2024'),(69,'CNTT',9.0,'HK1_2024'),
(70,'Toán',6.5,'HK1_2024'),(70,'Lý',8.0,'HK1_2024'),(70,'Hóa',5.5,'HK1_2024'),(70,'Anh',7.5,'HK1_2024'),(70,'CNTT',4.5,'HK1_2024'),
(71,'Toán',9.5,'HK1_2024'),(71,'Lý',6.5,'HK1_2024'),(71,'Hóa',8.0,'HK1_2024'),(71,'Anh',5.5,'HK1_2024'),(71,'CNTT',7.5,'HK1_2024'),
(72,'Toán',4.0,'HK1_2024'),(72,'Lý',9.5,'HK1_2024'),(72,'Hóa',6.5,'HK1_2024'),(72,'Anh',8.0,'HK1_2024'),(72,'CNTT',5.5,'HK1_2024'),
(73,'Toán',7.0,'HK1_2024'),(73,'Lý',4.0,'HK1_2024'),(73,'Hóa',9.5,'HK1_2024'),(73,'Anh',6.5,'HK1_2024'),(73,'CNTT',8.0,'HK1_2024'),
(74,'Toán',5.5,'HK1_2024'),(74,'Lý',7.0,'HK1_2024'),(74,'Hóa',4.0,'HK1_2024'),(74,'Anh',9.5,'HK1_2024'),(74,'CNTT',6.5,'HK1_2024'),
(75,'Toán',8.5,'HK1_2024'),(75,'Lý',5.5,'HK1_2024'),(75,'Hóa',7.0,'HK1_2024'),(75,'Anh',4.0,'HK1_2024'),(75,'CNTT',9.5,'HK1_2024'),
(76,'Toán',6.0,'HK1_2024'),(76,'Lý',8.5,'HK1_2024'),(76,'Hóa',5.5,'HK1_2024'),(76,'Anh',7.0,'HK1_2024'),(76,'CNTT',4.0,'HK1_2024'),
(77,'Toán',9.0,'HK1_2024'),(77,'Lý',6.0,'HK1_2024'),(77,'Hóa',8.5,'HK1_2024'),(77,'Anh',5.5,'HK1_2024'),(77,'CNTT',7.0,'HK1_2024'),
(78,'Toán',4.5,'HK1_2024'),(78,'Lý',9.0,'HK1_2024'),(78,'Hóa',6.0,'HK1_2024'),(78,'Anh',8.5,'HK1_2024'),(78,'CNTT',5.5,'HK1_2024'),
(79,'Toán',7.5,'HK1_2024'),(79,'Lý',4.5,'HK1_2024'),(79,'Hóa',9.0,'HK1_2024'),(79,'Anh',6.0,'HK1_2024'),(79,'CNTT',8.5,'HK1_2024'),
(80,'Toán',5.0,'HK1_2024'),(80,'Lý',7.5,'HK1_2024'),(80,'Hóa',4.5,'HK1_2024'),(80,'Anh',9.0,'HK1_2024'),(80,'CNTT',6.0,'HK1_2024');

-- student 81-100 (22DHT05)
INSERT INTO scores (student_id,subject,score,semester) VALUES
(81,'Toán',8.0,'HK1_2024'),(81,'Lý',6.5,'HK1_2024'),(81,'Hóa',9.0,'HK1_2024'),(81,'Anh',5.0,'HK1_2024'),(81,'CNTT',7.5,'HK1_2024'),
(82,'Toán',5.5,'HK1_2024'),(82,'Lý',8.0,'HK1_2024'),(82,'Hóa',6.5,'HK1_2024'),(82,'Anh',9.0,'HK1_2024'),(82,'CNTT',5.0,'HK1_2024'),
(83,'Toán',9.0,'HK1_2024'),(83,'Lý',5.5,'HK1_2024'),(83,'Hóa',8.0,'HK1_2024'),(83,'Anh',6.5,'HK1_2024'),(83,'CNTT',9.0,'HK1_2024'),
(84,'Toán',6.5,'HK1_2024'),(84,'Lý',9.0,'HK1_2024'),(84,'Hóa',5.5,'HK1_2024'),(84,'Anh',8.0,'HK1_2024'),(84,'CNTT',6.5,'HK1_2024'),
(85,'Toán',7.5,'HK1_2024'),(85,'Lý',6.5,'HK1_2024'),(85,'Hóa',9.0,'HK1_2024'),(85,'Anh',5.5,'HK1_2024'),(85,'CNTT',8.0,'HK1_2024'),
(86,'Toán',4.0,'HK1_2024'),(86,'Lý',7.5,'HK1_2024'),(86,'Hóa',6.5,'HK1_2024'),(86,'Anh',9.0,'HK1_2024'),(86,'CNTT',5.5,'HK1_2024'),
(87,'Toán',8.5,'HK1_2024'),(87,'Lý',4.0,'HK1_2024'),(87,'Hóa',7.5,'HK1_2024'),(87,'Anh',6.5,'HK1_2024'),(87,'CNTT',9.0,'HK1_2024'),
(88,'Toán',6.0,'HK1_2024'),(88,'Lý',8.5,'HK1_2024'),(88,'Hóa',4.0,'HK1_2024'),(88,'Anh',7.5,'HK1_2024'),(88,'CNTT',6.5,'HK1_2024'),
(89,'Toán',9.5,'HK1_2024'),(89,'Lý',6.0,'HK1_2024'),(89,'Hóa',8.5,'HK1_2024'),(89,'Anh',4.0,'HK1_2024'),(89,'CNTT',7.5,'HK1_2024'),
(90,'Toán',5.0,'HK1_2024'),(90,'Lý',9.5,'HK1_2024'),(90,'Hóa',6.0,'HK1_2024'),(90,'Anh',8.5,'HK1_2024'),(90,'CNTT',4.0,'HK1_2024'),
(91,'Toán',7.0,'HK1_2024'),(91,'Lý',5.0,'HK1_2024'),(91,'Hóa',9.5,'HK1_2024'),(91,'Anh',6.0,'HK1_2024'),(91,'CNTT',8.5,'HK1_2024'),
(92,'Toán',4.5,'HK1_2024'),(92,'Lý',7.0,'HK1_2024'),(92,'Hóa',5.0,'HK1_2024'),(92,'Anh',9.5,'HK1_2024'),(92,'CNTT',6.0,'HK1_2024'),
(93,'Toán',8.0,'HK1_2024'),(93,'Lý',4.5,'HK1_2024'),(93,'Hóa',7.0,'HK1_2024'),(93,'Anh',5.0,'HK1_2024'),(93,'CNTT',9.5,'HK1_2024'),
(94,'Toán',6.5,'HK1_2024'),(94,'Lý',8.0,'HK1_2024'),(94,'Hóa',4.5,'HK1_2024'),(94,'Anh',7.0,'HK1_2024'),(94,'CNTT',5.0,'HK1_2024'),
(95,'Toán',9.0,'HK1_2024'),(95,'Lý',6.5,'HK1_2024'),(95,'Hóa',8.0,'HK1_2024'),(95,'Anh',4.5,'HK1_2024'),(95,'CNTT',7.0,'HK1_2024'),
(96,'Toán',5.5,'HK1_2024'),(96,'Lý',9.0,'HK1_2024'),(96,'Hóa',6.5,'HK1_2024'),(96,'Anh',8.0,'HK1_2024'),(96,'CNTT',4.5,'HK1_2024'),
(97,'Toán',7.5,'HK1_2024'),(97,'Lý',5.5,'HK1_2024'),(97,'Hóa',9.0,'HK1_2024'),(97,'Anh',6.5,'HK1_2024'),(97,'CNTT',8.0,'HK1_2024'),
(98,'Toán',4.5,'HK1_2024'),(98,'Lý',7.5,'HK1_2024'),(98,'Hóa',5.5,'HK1_2024'),(98,'Anh',9.0,'HK1_2024'),(98,'CNTT',6.5,'HK1_2024'),
(99,'Toán',8.5,'HK1_2024'),(99,'Lý',4.5,'HK1_2024'),(99,'Hóa',7.5,'HK1_2024'),(99,'Anh',5.5,'HK1_2024'),(99,'CNTT',9.0,'HK1_2024'),
(100,'Toán',6.0,'HK1_2024'),(100,'Lý',8.5,'HK1_2024'),(100,'Hóa',4.5,'HK1_2024'),(100,'Anh',7.5,'HK1_2024'),(100,'CNTT',5.5,'HK1_2024');

-- Cập nhật sqlite_sequence
INSERT OR REPLACE INTO sqlite_sequence (name, seq) VALUES ('classes', 5);
INSERT OR REPLACE INTO sqlite_sequence (name, seq) VALUES ('students', 100);
INSERT OR REPLACE INTO sqlite_sequence (name, seq) VALUES ('scores', 500);
